date,lake,sediment,ice_abundance,sediment_abundance
2016-11-02,East Lake Bonney,0.7606124293438651,0.7606124293438651,0.23938757065613492
2016-11-02,West Lake Bonney,0.9066311691476002,0.9066311691476002,0.09336883085239978
2016-11-04,East Lake Bonney,0.7699365933338329,0.7699365933338329,0.2300634066661671
2016-11-04,West Lake Bonney,0.9046202213190501,0.9046202213190501,0.09537977868094993
2016-11-06,East Lake Bonney,0.7598829395952457,0.7598829395952457,0.24011706040475433
2016-11-06,West Lake Bonney,0.8969437644185064,0.8969437644185064,0.10305623558149357
2016-11-08,East Lake Bonney,0.7423220345530177,0.7423220345530177,0.2576779654469823
2016-11-08,West Lake Bonney,0.8796564232338172,0.8796564232338172,0.12034357676618279
2016-11-13,East Lake Bonney,0.7509884024825724,0.7509884024825724,0.24901159751742763
2016-11-13,West Lake Bonney,0.8510043347784527,0.8510043347784527,0.14899566522154728
2016-11-15,East Lake Bonney,0.74775238499328,0.74775238499328,0.25224761500672
2016-11-15,West Lake Bonney,0.8753364626303038,0.8753364626303038,0.12466353736969615
2016-12-10,East Lake Bonney,0.8026779313537274,0.8026779313537274,0.19732206864627255
2016-12-10,West Lake Bonney,0.9371883609749114,0.9371883609749114,0.06281163902508857
2016-12-13,East Lake Bonney,0.7206217231185288,0.7206217231185288,0.2793782768814712
2016-12-13,West Lake Bonney,0.8716081350917886,0.8716081350917886,0.12839186490821142
2016-12-15,East Lake Bonney,0.6663192554157119,0.6663192554157119,0.3336807445842881
2016-12-15,West Lake Bonney,0.8083173570485986,0.8083173570485986,0.19168264295140136
2016-12-24,East Lake Bonney,0.7989947273677681,0.7989947273677681,0.2010052726322319
2016-12-24,West Lake Bonney,0.920235926950858,0.920235926950858,0.07976407304914201
2017-01-02,East Lake Bonney,0.8506553842516213,0.8506553842516213,0.14934461574837865
2017-01-02,West Lake Bonney,0.9437654640303935,0.9437654640303935,0.05623453596960648
2017-01-11,East Lake Bonney,0.8167721324879054,0.8167721324879054,0.18322786751209463
2017-01-11,West Lake Bonney,0.9173133047516472,0.9173133047516472,0.08268669524835282
2017-01-14,East Lake Bonney,0.8440057501377796,0.8440057501377796,0.15599424986222044
2017-01-14,West Lake Bonney,0.8955678861628806,0.8955678861628806,0.10443211383711937
2017-01-18,East Lake Bonney,0.8606259403361167,0.8606259403361167,0.13937405966388328
2017-01-18,West Lake Bonney,0.9125037922161162,0.9125037922161162,0.08749620778388378
2017-01-25,East Lake Bonney,0.810040009814658,0.810040009814658,0.18995999018534204
2017-01-25,West Lake Bonney,0.8886525305216424,0.8886525305216424,0.11134746947835761
2017-01-27,East Lake Bonney,0.8044701937547583,0.8044701937547583,0.19552980624524174
2017-01-27,West Lake Bonney,0.8952030186880047,0.8952030186880047,0.10479698131199533
2017-01-30,East Lake Bonney,0.8009427988267636,0.8009427988267636,0.19905720117323644
2017-01-30,West Lake Bonney,0.8832572610847618,0.8832572610847618,0.11674273891523823
2017-11-07,East Lake Bonney,0.9768003234391993,0.9768003234391993,0.023199676560800686
2017-11-07,West Lake Bonney,0.9212488381294046,0.9212488381294046,0.07875116187059539
2017-11-18,East Lake Bonney,0.9505162225557743,0.9505162225557743,0.04948377744422572
2017-11-18,West Lake Bonney,0.9234978111929111,0.9234978111929111,0.07650218880708892
2017-11-21,East Lake Bonney,0.873199755034578,0.873199755034578,0.12680024496542197
2017-11-21,West Lake Bonney,0.9277572939556085,0.9277572939556085,0.07224270604439154
2017-11-25,East Lake Bonney,0.9194671312452166,0.9194671312452166,0.08053286875478338
2017-11-25,West Lake Bonney,0.9401331107122617,0.9401331107122617,0.05986688928773831
2017-11-27,East Lake Bonney,0.8849835327605818,0.8849835327605818,0.11501646723941816
2017-11-27,West Lake Bonney,0.9203772704295325,0.9203772704295325,0.07962272957046745
2017-11-30,East Lake Bonney,0.799641575689937,0.799641575689937,0.200358424310063
2017-11-30,West Lake Bonney,0.8216502550721974,0.8216502550721974,0.17834974492780264
2017-12-02,East Lake Bonney,0.677633509811896,0.677633509811896,0.32236649018810404
2017-12-02,West Lake Bonney,0.8281254158244955,0.8281254158244955,0.1718745841755045
2017-12-07,East Lake Bonney,0.6978729529318648,0.6978729529318648,0.3021270470681352
2017-12-07,West Lake Bonney,0.6763514372694082,0.6763514372694082,0.32364856273059184
2017-12-16,East Lake Bonney,0.8401408122767247,0.8401408122767247,0.15985918772327534
2017-12-16,West Lake Bonney,0.8902176159970595,0.8902176159970595,0.10978238400294049
2017-12-23,East Lake Bonney,0.8867551135812685,0.8867551135812685,0.11324488641873154
2017-12-23,West Lake Bonney,0.944864506721841,0.944864506721841,0.05513549327815903
2018-01-03,East Lake Bonney,0.9563714578747184,0.9563714578747184,0.043628542125281555
2018-01-03,West Lake Bonney,0.9622898075314613,0.9622898075314613,0.037710192468538684
2018-01-05,East Lake Bonney,0.9971024441045419,0.9971024441045419,0.002897555895458148
2018-01-05,West Lake Bonney,0.9717661839616158,0.9717661839616158,0.028233816038384152
2018-01-10,East Lake Bonney,0.8082774779885684,0.8082774779885684,0.19172252201143158
2018-01-10,West Lake Bonney,0.9613236655666595,0.9613236655666595,0.03867633443334051
2018-01-12,East Lake Bonney,0.891624461199819,0.891624461199819,0.10837553880018103
2018-01-12,West Lake Bonney,0.9627221016204418,0.9627221016204418,0.037277898379558194
2018-01-14,East Lake Bonney,0.943309531088402,0.943309531088402,0.05669046891159801
2018-01-14,West Lake Bonney,0.9635552410175383,0.9635552410175383,0.03644475898246169
2018-01-19,East Lake Bonney,0.9462573161026332,0.9462573161026332,0.053742683897366805
2018-01-19,West Lake Bonney,0.9639226007047426,0.9639226007047426,0.03607739929525744
2018-01-26,East Lake Bonney,0.9511954359822825,0.9511954359822825,0.04880456401771749
2018-01-26,West Lake Bonney,0.9575694613747777,0.9575694613747777,0.04243053862522228
2018-01-30,East Lake Bonney,0.950210149516311,0.950210149516311,0.049789850483689
2018-01-30,West Lake Bonney,0.9521621089950286,0.9521621089950286,0.04783789100497138
2018-11-05,East Lake Bonney,0.9270834440917797,0.9270834440917797,0.07291655590822033
2018-11-05,West Lake Bonney,0.9423920956182045,0.9423920956182045,0.05760790438179553
2018-11-08,East Lake Bonney,0.9227663153712746,0.9227663153712746,0.07723368462872537
2018-11-08,West Lake Bonney,0.8957602517813862,0.8957602517813862,0.10423974821861381
2018-11-12,East Lake Bonney,0.8807243880720197,0.8807243880720197,0.11927561192798031
2018-11-12,West Lake Bonney,0.8632136286240677,0.8632136286240677,0.1367863713759323
2018-11-17,East Lake Bonney,0.8805212082547641,0.8805212082547641,0.1194787917452359
2018-11-17,West Lake Bonney,0.8724928287635922,0.8724928287635922,0.12750717123640776
2018-11-19,East Lake Bonney,0.8708395487007803,0.8708395487007803,0.12916045129921971
2018-11-19,West Lake Bonney,0.8641929862709865,0.8641929862709865,0.1358070137290135
2018-11-24,East Lake Bonney,0.8559957020546758,0.8559957020546758,0.1440042979453242
2018-11-24,West Lake Bonney,0.8743747903975791,0.8743747903975791,0.12562520960242085
2018-11-26,East Lake Bonney,0.7421171888105887,0.7421171888105887,0.25788281118941125
2018-11-26,West Lake Bonney,0.7989107742153094,0.7989107742153094,0.20108922578469057
2018-11-28,East Lake Bonney,0.7180227833945394,0.7180227833945394,0.2819772166054606
2018-11-28,West Lake Bonney,0.811276136310481,0.811276136310481,0.188723863689519
2018-11-30,East Lake Bonney,0.742807131239909,0.742807131239909,0.25719286876009095
2018-11-30,West Lake Bonney,0.8289139294225034,0.8289139294225034,0.17108607057749659
2018-12-05,East Lake Bonney,0.811497879634936,0.811497879634936,0.18850212036506397
2018-12-05,West Lake Bonney,0.8515874835986743,0.8515874835986743,0.1484125164013257
2018-12-30,East Lake Bonney,0.935413987755926,0.935413987755926,0.06458601224407401
2018-12-30,West Lake Bonney,0.9603685586635888,0.9603685586635888,0.039631441336411166
2019-01-01,East Lake Bonney,0.9406158065683068,0.9406158065683068,0.05938419343169321
2019-01-01,West Lake Bonney,0.9551777962217783,0.9551777962217783,0.04482220377822166
2019-01-04,East Lake Bonney,0.9030736632895155,0.9030736632895155,0.09692633671048445
2019-01-04,West Lake Bonney,0.9478051377522173,0.9478051377522173,0.05219486224778269
2019-01-06,East Lake Bonney,0.9332012386623021,0.9332012386623021,0.06679876133769791
2019-01-06,West Lake Bonney,0.9479084231585629,0.9479084231585629,0.05209157684143706
2019-01-11,East Lake Bonney,0.795588511192547,0.795588511192547,0.20441148880745297
2019-01-11,West Lake Bonney,0.9439376008553956,0.9439376008553956,0.056062399144604425
2019-01-15,East Lake Bonney,0.9304645217367559,0.9304645217367559,0.06953547826324413
2019-01-15,West Lake Bonney,0.9552931336004639,0.9552931336004639,0.04470686639953614
2019-01-24,East Lake Bonney,0.9346653771336391,0.9346653771336391,0.06533462286636094
2019-01-24,West Lake Bonney,0.9537993576330783,0.9537993576330783,0.046200642366921674
2019-11-06,East Lake Bonney,0.9087385141630019,0.9087385141630019,0.09126148583699811
2019-11-06,West Lake Bonney,0.888039243867365,0.888039243867365,0.11196075613263501
2019-11-08,East Lake Bonney,0.905845936439209,0.905845936439209,0.09415406356079103
2019-11-08,West Lake Bonney,0.8911102530325847,0.8911102530325847,0.10888974696741527
2019-11-11,East Lake Bonney,0.9102028098104219,0.9102028098104219,0.0897971901895781
2019-11-11,West Lake Bonney,0.8765950438414527,0.8765950438414527,0.1234049561585473
2019-11-15,East Lake Bonney,0.9090456733780814,0.9090456733780814,0.0909543266219186
2019-11-15,West Lake Bonney,0.8723790832256385,0.8723790832256385,0.1276209167743615
2019-11-17,East Lake Bonney,0.9284345931667137,0.9284345931667137,0.07156540683328627
2019-11-17,West Lake Bonney,0.8353045253146167,0.8353045253146167,0.16469547468538326
2019-11-24,East Lake Bonney,0.801828226637079,0.801828226637079,0.19817177336292102
2019-11-24,West Lake Bonney,0.8396157320867507,0.8396157320867507,0.16038426791324933
2019-11-27,East Lake Bonney,0.8237553182735385,0.8237553182735385,0.17624468172646146
2019-11-27,West Lake Bonney,0.8431814081841971,0.8431814081841971,0.15681859181580293
2019-12-03,East Lake Bonney,0.8728620287569473,0.8728620287569473,0.1271379712430527
2019-12-03,West Lake Bonney,0.8465413500695665,0.8465413500695665,0.15345864993043346
2019-12-17,East Lake Bonney,0.9843085978874285,0.9843085978874285,0.015691402112571473
2019-12-17,West Lake Bonney,0.9821676762940587,0.9821676762940587,0.017832323705941344
2019-12-24,East Lake Bonney,0.9680185846996506,0.9680185846996506,0.03198141530034937
2019-12-24,West Lake Bonney,0.98143416703742,0.98143416703742,0.018565832962579965
2019-12-26,East Lake Bonney,0.9521297235135459,0.9521297235135459,0.047870276486454144
2019-12-26,West Lake Bonney,0.9776292853388446,0.9776292853388446,0.022370714661155366
2019-12-31,East Lake Bonney,0.9595906443235648,0.9595906443235648,0.04040935567643522
2019-12-31,West Lake Bonney,0.9672003297016295,0.9672003297016295,0.0327996702983705
2020-01-02,East Lake Bonney,0.9528663992233593,0.9528663992233593,0.04713360077664075
2020-01-02,West Lake Bonney,0.9771298260662215,0.9771298260662215,0.022870173933778548
2020-01-11,East Lake Bonney,0.9097797034578228,0.9097797034578228,0.09022029654217723
2020-01-11,West Lake Bonney,0.9638476228923201,0.9638476228923201,0.036152377107679934
2020-01-20,East Lake Bonney,0.9231427539034112,0.9231427539034112,0.07685724609658884
2020-01-20,West Lake Bonney,0.9687339266844507,0.9687339266844507,0.031266073315549314
2020-10-30,East Lake Bonney,0.9762394038624074,0.9762394038624074,0.023760596137592627
2020-10-30,West Lake Bonney,0.9346826175042833,0.9346826175042833,0.06531738249571672
2020-11-15,East Lake Bonney,0.9506004084574373,0.9506004084574373,0.04939959154256268
2020-11-15,West Lake Bonney,0.9122168897502053,0.9122168897502053,0.08778311024979468
2020-11-17,East Lake Bonney,0.9481271947291832,0.9481271947291832,0.051872805270816835
2020-11-17,West Lake Bonney,0.9302443821734253,0.9302443821734253,0.06975561782657469
2020-11-19,East Lake Bonney,0.9368830840839844,0.9368830840839844,0.06311691591601565
2020-11-19,West Lake Bonney,0.9130001743562188,0.9130001743562188,0.08699982564378117
2020-11-24,East Lake Bonney,0.7856985623450323,0.7856985623450323,0.21430143765496767
2020-11-24,West Lake Bonney,0.8443947521053597,0.8443947521053597,0.15560524789464025
2020-11-26,East Lake Bonney,0.7264112830973766,0.7264112830973766,0.27358871690262343
2020-11-26,West Lake Bonney,0.8341770288013568,0.8341770288013568,0.1658229711986432
2020-11-29,East Lake Bonney,0.7578011629120718,0.7578011629120718,0.24219883708792822
2020-11-29,West Lake Bonney,0.8512783617647934,0.8512783617647934,0.14872163823520657
2020-12-01,East Lake Bonney,0.7742300141469677,0.7742300141469677,0.22576998585303232
2020-12-01,West Lake Bonney,0.8299144276348586,0.8299144276348586,0.17008557236514144
2020-12-03,East Lake Bonney,0.8050802801418316,0.8050802801418316,0.19491971985816836
2020-12-03,West Lake Bonney,0.850019637654757,0.850019637654757,0.14998036234524303
2020-12-08,East Lake Bonney,0.9552734583010166,0.9552734583010166,0.04472654169898338
2020-12-08,West Lake Bonney,0.950993058965181,0.950993058965181,0.04900694103481895
2020-12-10,East Lake Bonney,0.9821011385072987,0.9821011385072987,0.017898861492701257
2020-12-10,West Lake Bonney,0.9728447787690299,0.9728447787690299,0.02715522123097014
2020-12-15,East Lake Bonney,0.9409945265204912,0.9409945265204912,0.059005473479508797
2020-12-15,West Lake Bonney,0.973873178487718,0.973873178487718,0.02612682151228196
2020-12-21,East Lake Bonney,0.9742747443798297,0.9742747443798297,0.02572525562017025
2020-12-21,West Lake Bonney,0.9515101750104915,0.9515101750104915,0.04848982498950849
2020-12-24,East Lake Bonney,0.9600379076803894,0.9600379076803894,0.039962092319610565
2020-12-24,West Lake Bonney,0.9612855082011394,0.9612855082011394,0.03871449179886055
2021-01-13,East Lake Bonney,0.9692152684154818,0.9692152684154818,0.03078473158451822
2021-01-13,West Lake Bonney,0.9710224394709391,0.9710224394709391,0.028977560529060864
2021-01-16,East Lake Bonney,0.8197227686730251,0.8197227686730251,0.18027723132697493
2021-01-16,West Lake Bonney,0.9639290538852986,0.9639290538852986,0.03607094611470141
2021-01-18,East Lake Bonney,0.9602543472210218,0.9602543472210218,0.039745652778978235
2021-01-18,West Lake Bonney,0.9692099891103646,0.9692099891103646,0.0307900108896354
2021-01-22,East Lake Bonney,0.966312892065467,0.966312892065467,0.033687107934533
2021-01-22,West Lake Bonney,0.9639011168870976,0.9639011168870976,0.036098883112902436
2021-02-01,East Lake Bonney,0.9304140442979388,0.9304140442979388,0.06958595570206116
2021-02-01,West Lake Bonney,0.9602314002321317,0.9602314002321317,0.039768599767868285
2021-10-31,East Lake Bonney,0.8241036748683824,0.8241036748683824,0.17589632513161757
2021-10-31,West Lake Bonney,0.8570596570979893,0.8570596570979893,0.14294034290201074
2021-11-04,East Lake Bonney,0.8118508766207897,0.8118508766207897,0.1881491233792103
2021-11-04,West Lake Bonney,0.8629748889224023,0.8629748889224023,0.13702511107759774
2021-11-09,East Lake Bonney,0.8124917938308651,0.8124917938308651,0.18750820616913488
2021-11-09,West Lake Bonney,0.8569589859498632,0.8569589859498632,0.1430410140501368
2021-11-11,East Lake Bonney,0.7734408883920655,0.7734408883920655,0.22655911160793452
2021-11-11,West Lake Bonney,0.8602986520172176,0.8602986520172176,0.13970134798278244
2021-11-20,East Lake Bonney,0.763602356370969,0.763602356370969,0.23639764362903104
2021-11-20,West Lake Bonney,0.868298715110105,0.868298715110105,0.13170128488989497
2021-12-02,East Lake Bonney,0.7734241954663122,0.7734241954663122,0.22657580453368775
2021-12-02,West Lake Bonney,0.895975619117138,0.895975619117138,0.10402438088286203
2021-12-04,East Lake Bonney,0.8823857373153564,0.8823857373153564,0.11761426268464359
2021-12-04,West Lake Bonney,0.8675399742288014,0.8675399742288014,0.13246002577119864
2021-12-06,East Lake Bonney,0.7718052047619832,0.7718052047619832,0.22819479523801678
2021-12-06,West Lake Bonney,0.904859303942639,0.904859303942639,0.09514069605736097
2021-12-08,East Lake Bonney,0.8094125162835623,0.8094125162835623,0.19058748371643774
2021-12-08,West Lake Bonney,0.9256329839312212,0.9256329839312212,0.07436701606877882
2021-12-11,East Lake Bonney,0.8525490815923632,0.8525490815923632,0.1474509184076368
2021-12-11,West Lake Bonney,0.9732120013445809,0.9732120013445809,0.026787998655419143
2021-12-18,East Lake Bonney,0.9375538868312454,0.9375538868312454,0.06244611316875459
2021-12-18,West Lake Bonney,0.9696495624632937,0.9696495624632937,0.0303504375367063
2021-12-20,East Lake Bonney,0.8601518275218701,0.8601518275218701,0.13984817247812986
2021-12-20,West Lake Bonney,0.9289867996092143,0.9289867996092143,0.07101320039078574
2021-12-22,East Lake Bonney,0.8733886396894927,0.8733886396894927,0.12661136031050735
2021-12-22,West Lake Bonney,0.9360968946877555,0.9360968946877555,0.06390310531224452
2021-12-24,East Lake Bonney,0.9617459361317592,0.9617459361317592,0.03825406386824082
2021-12-24,West Lake Bonney,0.9334334990383772,0.9334334990383772,0.06656650096162275
2022-01-05,East Lake Bonney,0.6333504630796941,0.6333504630796941,0.3666495369203059
2022-01-05,West Lake Bonney,0.9083865844383991,0.9083865844383991,0.09161341556160085
2022-01-07,East Lake Bonney,0.7468089603145475,0.7468089603145475,0.25319103968545253
2022-01-07,West Lake Bonney,0.8950812437274192,0.8950812437274192,0.10491875627258085
2022-01-12,East Lake Bonney,0.8029752034614583,0.8029752034614583,0.19702479653854166
2022-01-12,West Lake Bonney,0.9090134848464105,0.9090134848464105,0.09098651515358946
2022-01-14,East Lake Bonney,0.809957006050982,0.809957006050982,0.19004299394901802
2022-01-14,West Lake Bonney,0.9195593129448583,0.9195593129448583,0.08044068705514174
2022-01-16,East Lake Bonney,0.8330543029706282,0.8330543029706282,0.1669456970293718
2022-01-16,West Lake Bonney,0.9299414933890813,0.9299414933890813,0.07005850661091872
2022-01-19,East Lake Bonney,0.8490822097686249,0.8490822097686249,0.15091779023137508
2022-01-19,West Lake Bonney,0.9075474155212989,0.9075474155212989,0.09245258447870108
2022-01-25,East Lake Bonney,0.7662574209286227,0.7662574209286227,0.2337425790713773
2022-01-25,West Lake Bonney,0.9322045744567352,0.9322045744567352,0.06779542554326479
2022-01-28,East Lake Bonney,0.8382295618340927,0.8382295618340927,0.1617704381659073
2022-01-28,West Lake Bonney,0.8217539670954465,0.8217539670954465,0.17824603290455354
2022-11-14,East Lake Bonney,0.6507387265446427,0.6507387265446427,0.3492612734553573
2022-11-14,West Lake Bonney,0.8378962695329917,0.8378962695329917,0.16210373046700832
2022-11-16,East Lake Bonney,0.5457839495315083,0.5457839495315083,0.45421605046849167
2022-11-16,West Lake Bonney,0.8157811517616412,0.8157811517616412,0.18421884823835877
2022-11-19,East Lake Bonney,0.6607669423571962,0.6607669423571962,0.33923305764280376
2022-11-19,West Lake Bonney,0.8420785742266932,0.8420785742266932,0.1579214257733068
2022-11-21,East Lake Bonney,0.6495204167477073,0.6495204167477073,0.35047958325229267
2022-11-21,West Lake Bonney,0.8518931994635917,0.8518931994635917,0.14810680053640835
2022-11-23,East Lake Bonney,0.6298305877468366,0.6298305877468366,0.37016941225316335
2022-11-23,West Lake Bonney,0.8737006627583536,0.8737006627583536,0.12629933724164644
2022-11-28,East Lake Bonney,0.6406652601408561,0.6406652601408561,0.3593347398591439
2022-11-28,West Lake Bonney,0.8889528396248788,0.8889528396248788,0.11104716037512119
2022-12-05,East Lake Bonney,0.7245070893608674,0.7245070893608674,0.2754929106391326
2022-12-05,West Lake Bonney,0.8747438336172362,0.8747438336172362,0.12525616638276382
2022-12-11,East Lake Bonney,0.5902027860946172,0.5902027860946172,0.4097972139053828
2022-12-11,West Lake Bonney,0.8634255514030422,0.8634255514030422,0.13657444859695778
2022-12-16,East Lake Bonney,0.7990737686531632,0.7990737686531632,0.20092623134683685
2022-12-16,West Lake Bonney,0.9002751969217044,0.9002751969217044,0.09972480307829557
2022-12-18,East Lake Bonney,0.7691420342345878,0.7691420342345878,0.23085796576541218
2022-12-18,West Lake Bonney,0.9026699528370584,0.9026699528370584,0.09733004716294158
2023-01-03,East Lake Bonney,0.8034901433222558,0.8034901433222558,0.19650985667774423
2023-01-03,West Lake Bonney,0.9139747520240757,0.9139747520240757,0.08602524797592426
2023-01-10,East Lake Bonney,0.7961747740940217,0.7961747740940217,0.2038252259059783
2023-01-10,West Lake Bonney,0.9303860197772004,0.9303860197772004,0.06961398022279963
2023-01-15,East Lake Bonney,0.8659669517308392,0.8659669517308392,0.13403304826916085
2023-01-15,West Lake Bonney,0.9523848156906831,0.9523848156906831,0.04761518430931688
2023-01-22,East Lake Bonney,0.9256067996521188,0.9256067996521188,0.07439320034788122
2023-01-22,West Lake Bonney,0.9631286005322042,0.9631286005322042,0.03687139946779583
2023-01-24,East Lake Bonney,0.9002416558237197,0.9002416558237197,0.09975834417628027
2023-01-24,West Lake Bonney,0.9677469825267453,0.9677469825267453,0.03225301747325471
2023-11-17,East Lake Bonney,0.7772897540874947,0.7772897540874947,0.22271024591250532
2023-11-17,West Lake Bonney,0.875572513870475,0.875572513870475,0.12442748612952503
2023-11-19,East Lake Bonney,0.7823888500999787,0.7823888500999787,0.21761114990002128
2023-11-19,West Lake Bonney,0.8792899153272618,0.8792899153272618,0.12071008467273825
2023-12-05,East Lake Bonney,0.7975046390929483,0.7975046390929483,0.20249536090705167
2023-12-05,West Lake Bonney,0.9337225714276775,0.9337225714276775,0.06627742857232255
2023-12-19,East Lake Bonney,0.8916504884432734,0.8916504884432734,0.10834951155672656
2023-12-19,West Lake Bonney,0.9534307554146051,0.9534307554146051,0.04656924458539491
2023-12-28,East Lake Bonney,0.9196951896725019,0.9196951896725019,0.08030481032749814
2023-12-28,West Lake Bonney,0.9572572068608628,0.9572572068608628,0.0427427931391372
2023-12-30,East Lake Bonney,0.8881880635520151,0.8881880635520151,0.11181193644798493
2023-12-30,West Lake Bonney,0.9613706115051299,0.9613706115051299,0.038629388494870076
2024-01-04,East Lake Bonney,0.8644614543639434,0.8644614543639434,0.1355385456360566
2024-01-04,West Lake Bonney,0.9590441850498176,0.9590441850498176,0.04095581495018241
2024-01-13,East Lake Bonney,0.9222173957246586,0.9222173957246586,0.07778260427534145
2024-01-13,West Lake Bonney,0.9590869267139543,0.9590869267139543,0.040913073286045654
2024-01-22,East Lake Bonney,0.852439035758597,0.852439035758597,0.14756096424140297
2024-01-22,West Lake Bonney,0.9574643883583263,0.9574643883583263,0.04253561164167374
2024-11-12,East Lake Bonney,0.8562676765580894,0.8562676765580894,0.14373232344191056
2024-11-12,West Lake Bonney,0.8812008392966363,0.8812008392966363,0.11879916070336372
2024-11-14,East Lake Bonney,0.9394803485570542,0.9394803485570542,0.0605196514429458
2024-11-14,West Lake Bonney,0.9048567846420593,0.9048567846420593,0.09514321535794068
2024-11-21,East Lake Bonney,0.833702404071672,0.833702404071672,0.16629759592832805
2024-11-21,West Lake Bonney,0.8736086837748995,0.8736086837748995,0.12639131622510047
2024-12-21,East Lake Bonney,0.8907191439031155,0.8907191439031155,0.10928085609688454
2024-12-21,West Lake Bonney,0.9303821934652875,0.9303821934652875,0.0696178065347125
2016-11-02,Lake Fryxell,0.790080514502993,0.790080514502993,0.209919485497007
2016-11-04,Lake Fryxell,0.7837556712443757,0.7837556712443757,0.21624432875562427
2016-11-06,Lake Fryxell,0.7712245751824978,0.7712245751824978,0.22877542481750224
2016-11-08,Lake Fryxell,0.7662804865614952,0.7662804865614952,0.23371951343850483
2016-11-13,Lake Fryxell,0.7491298557071798,0.7491298557071798,0.2508701442928202
2016-11-15,Lake Fryxell,0.7690662219349826,0.7690662219349826,0.23093377806501736
2016-11-22,Lake Fryxell,0.9867715777483559,0.9867715777483559,0.013228422251644112
2016-11-24,Lake Fryxell,0.9004189286015607,0.9004189286015607,0.0995810713984393
2016-11-27,Lake Fryxell,0.9303931449669527,0.9303931449669527,0.06960685503304731
2016-12-08,Lake Fryxell,0.9199013702573505,0.9199013702573505,0.08009862974264947
2016-12-10,Lake Fryxell,0.944611015374197,0.944611015374197,0.055388984625802995
2016-12-13,Lake Fryxell,0.8887450987612483,0.8887450987612483,0.1112549012387517
2016-12-15,Lake Fryxell,0.8683864920893626,0.8683864920893626,0.13161350791063742
2016-12-17,Lake Fryxell,0.795568973155059,0.795568973155059,0.20443102684494097
2016-12-19,Lake Fryxell,0.7825110595032342,0.7825110595032342,0.21748894049676581
2016-12-24,Lake Fryxell,0.7615766512450795,0.7615766512450795,0.23842334875492055
2017-01-02,Lake Fryxell,0.9014754779767705,0.9014754779767705,0.09852452202322948
2017-01-09,Lake Fryxell,0.9120644871979847,0.9120644871979847,0.08793551280201528
2017-01-11,Lake Fryxell,0.9388187107917411,0.9388187107917411,0.06118128920825894
2017-01-14,Lake Fryxell,0.949511931767446,0.949511931767446,0.05048806823255403
2017-01-18,Lake Fryxell,0.952573681794268,0.952573681794268,0.047426318205731954
2017-01-25,Lake Fryxell,0.9535854525285687,0.9535854525285687,0.046414547471431256
2017-01-27,Lake Fryxell,0.9469392567117613,0.9469392567117613,0.05306074328823873
2017-01-30,Lake Fryxell,0.9382390416449692,0.9382390416449692,0.061760958355030815
2017-11-04,Lake Fryxell,0.9203558542001767,0.9203558542001767,0.07964414579982326
2017-11-07,Lake Fryxell,0.9762517076915366,0.9762517076915366,0.023748292308463426
2017-11-18,Lake Fryxell,0.9175625568972351,0.9175625568972351,0.0824374431027649
2017-11-20,Lake Fryxell,0.906542697304824,0.906542697304824,0.09345730269517605
2017-11-21,Lake Fryxell,0.9051884426004317,0.9051884426004317,0.09481155739956826
2017-11-25,Lake Fryxell,0.8990612843503666,0.8990612843503666,0.10093871564963341
2017-11-27,Lake Fryxell,0.8891465000136349,0.8891465000136349,0.11085349998636507
2017-11-30,Lake Fryxell,0.8515432420626697,0.8515432420626697,0.14845675793733026
2017-12-02,Lake Fryxell,0.8588449855061977,0.8588449855061977,0.1411550144938023
2017-12-07,Lake Fryxell,0.8744495762279538,0.8744495762279538,0.12555042377204617
2017-12-16,Lake Fryxell,0.8886543301492746,0.8886543301492746,0.11134566985072536
2017-12-23,Lake Fryxell,0.9060326040321249,0.9060326040321249,0.09396739596787507
2018-01-03,Lake Fryxell,0.9031727564630123,0.9031727564630123,0.09682724353698768
2018-01-05,Lake Fryxell,0.8856522606980382,0.8856522606980382,0.11434773930196185
2018-01-07,Lake Fryxell,0.9184794193024957,0.9184794193024957,0.08152058069750434
2018-01-10,Lake Fryxell,0.9284195512828317,0.9284195512828317,0.07158044871716829
2018-01-12,Lake Fryxell,0.9220150361364964,0.9220150361364964,0.07798496386350362
2018-01-14,Lake Fryxell,0.9274248532004267,0.9274248532004267,0.07257514679957333
2018-01-19,Lake Fryxell,0.91112855708058,0.91112855708058,0.08887144291941995
2018-01-26,Lake Fryxell,0.9823804173529239,0.9823804173529239,0.017619582647076082
2018-01-30,Lake Fryxell,0.9522123393027981,0.9522123393027981,0.04778766069720186
2018-11-05,Lake Fryxell,0.7089291772048539,0.7089291772048539,0.29107082279514607
2018-11-07,Lake Fryxell,0.8864577589480162,0.8864577589480162,0.11354224105198385
2018-11-08,Lake Fryxell,0.9221213255661695,0.9221213255661695,0.07787867443383045
2018-11-12,Lake Fryxell,0.8704925332232087,0.8704925332232087,0.12950746677679126
2018-11-17,Lake Fryxell,0.9060711193616323,0.9060711193616323,0.09392888063836768
2018-11-19,Lake Fryxell,0.8965644615314603,0.8965644615314603,0.1034355384685397
2018-11-24,Lake Fryxell,0.895054164386846,0.895054164386846,0.10494583561315396
2018-11-26,Lake Fryxell,0.8871990202317211,0.8871990202317211,0.11280097976827885
2018-11-28,Lake Fryxell,0.8864993104003737,0.8864993104003737,0.11350068959962634
2018-11-30,Lake Fryxell,0.8904321985812215,0.8904321985812215,0.10956780141877853
2018-12-05,Lake Fryxell,0.942549570526817,0.942549570526817,0.05745042947318302
2018-12-19,Lake Fryxell,0.952789583298564,0.952789583298564,0.047210416701436
2018-12-25,Lake Fryxell,0.8846234353535413,0.8846234353535413,0.11537656464645873
2018-12-30,Lake Fryxell,0.8912397251278205,0.8912397251278205,0.10876027487217954
2019-01-01,Lake Fryxell,0.9064459615841056,0.9064459615841056,0.09355403841589438
2019-01-04,Lake Fryxell,0.9030099959104921,0.9030099959104921,0.09699000408950786
2019-01-06,Lake Fryxell,0.9033270110962355,0.9033270110962355,0.09667298890376452
2019-01-10,Lake Fryxell,0.8965019142757157,0.8965019142757157,0.10349808572428432
2019-01-11,Lake Fryxell,0.9022184853820298,0.9022184853820298,0.09778151461797024
2019-01-15,Lake Fryxell,0.9005699743603873,0.9005699743603873,0.09943002563961267
2019-01-24,Lake Fryxell,0.8966524981034739,0.8966524981034739,0.10334750189652608
2019-01-26,Lake Fryxell,0.8873903133487401,0.8873903133487401,0.11260968665125992
2019-01-27,Lake Fryxell,0.8897232876867567,0.8897232876867567,0.11027671231324332
2019-11-04,Lake Fryxell,0.9544329499726315,0.9544329499726315,0.045567050027368494
2019-11-06,Lake Fryxell,0.9853222418768055,0.9853222418768055,0.014677758123194495
2019-11-08,Lake Fryxell,0.9809720612852992,0.9809720612852992,0.019027938714700765
2019-11-10,Lake Fryxell,0.9791572376251922,0.9791572376251922,0.020842762374807755
2019-11-11,Lake Fryxell,0.9792223444020487,0.9792223444020487,0.020777655597951306
2019-11-15,Lake Fryxell,0.9690833812528304,0.9690833812528304,0.030916618747169555
2019-11-17,Lake Fryxell,0.9741734949019636,0.9741734949019636,0.025826505098036412
2019-11-24,Lake Fryxell,0.975627480197835,0.975627480197835,0.024372519802165038
2019-11-26,Lake Fryxell,0.9945057164669502,0.9945057164669502,0.005494283533049815
2019-11-27,Lake Fryxell,0.986909520507166,0.986909520507166,0.01309047949283404
2019-12-03,Lake Fryxell,0.9644613531944344,0.9644613531944344,0.03553864680556562
2019-12-10,Lake Fryxell,0.9777608687800268,0.9777608687800268,0.02223913121997323
2019-12-12,Lake Fryxell,0.9218154928947544,0.9218154928947544,0.0781845071052456
2019-12-17,Lake Fryxell,0.982606369259931,0.982606369259931,0.017393630740069055
2019-12-24,Lake Fryxell,0.9747057658092323,0.9747057658092323,0.025294234190767706
2019-12-26,Lake Fryxell,0.9733736270786609,0.9733736270786609,0.02662637292133907
2019-12-29,Lake Fryxell,0.9117032541280694,0.9117032541280694,0.0882967458719306
2019-12-31,Lake Fryxell,0.9722433807294687,0.9722433807294687,0.027756619270531302
2020-01-02,Lake Fryxell,0.9636915477351136,0.9636915477351136,0.03630845226488644
2020-01-11,Lake Fryxell,0.9612866162330799,0.9612866162330799,0.03871338376692013
2020-01-20,Lake Fryxell,0.9455056128768441,0.9455056128768441,0.05449438712315591
2020-10-30,Lake Fryxell,0.9503108546101556,0.9503108546101556,0.04968914538984437
2020-11-08,Lake Fryxell,0.833581069107042,0.833581069107042,0.166418930892958
2020-11-15,Lake Fryxell,0.39568308546839087,0.39568308546839087,0.6043169145316092
2020-11-17,Lake Fryxell,0.5716512919861568,0.5716512919861568,0.42834870801384317
2020-11-19,Lake Fryxell,0.8876664164070237,0.8876664164070237,0.1123335835929763
2020-11-24,Lake Fryxell,0.8542370652913907,0.8542370652913907,0.14576293470860935
2020-11-26,Lake Fryxell,0.5648876472580914,0.5648876472580914,0.4351123527419086
2020-11-28,Lake Fryxell,0.38214420741302285,0.38214420741302285,0.6178557925869772
2020-11-29,Lake Fryxell,0.28216637152712437,0.28216637152712437,0.7178336284728757
2020-12-01,Lake Fryxell,0.1781682840198966,0.1781682840198966,0.8218317159801034
2020-12-03,Lake Fryxell,0.16136035309639093,0.16136035309639093,0.838639646903609
2020-12-08,Lake Fryxell,0.9076556902179295,0.9076556902179295,0.09234430978207053
2020-12-10,Lake Fryxell,0.9070721472015523,0.9070721472015523,0.09292785279844773
2020-12-14,Lake Fryxell,0.7970063673748179,0.7970063673748179,0.2029936326251821
2020-12-15,Lake Fryxell,0.8109802167345095,0.8109802167345095,0.18901978326549052
2020-12-21,Lake Fryxell,0.9232393657534883,0.9232393657534883,0.0767606342465117
2020-12-24,Lake Fryxell,0.8694754076816177,0.8694754076816177,0.13052459231838232
2020-12-26,Lake Fryxell,0.9124552744275429,0.9124552744275429,0.08754472557245707
2020-12-30,Lake Fryxell,0.9113238482982989,0.9113238482982989,0.08867615170170107
2021-01-06,Lake Fryxell,0.90183387227937,0.90183387227937,0.09816612772063005
2021-01-13,Lake Fryxell,0.9027978886322283,0.9027978886322283,0.09720211136777168
2021-01-18,Lake Fryxell,0.9079602879563751,0.9079602879563751,0.09203971204362493
2021-01-22,Lake Fryxell,0.8618889621632699,0.8618889621632699,0.13811103783673007
2021-02-01,Lake Fryxell,0.8551394134214333,0.8551394134214333,0.1448605865785667
2021-10-31,Lake Fryxell,0.5858287653867755,0.5858287653867755,0.41417123461322447
2021-11-04,Lake Fryxell,0.7079035822409175,0.7079035822409175,0.29209641775908246
2021-11-09,Lake Fryxell,0.4430223783026084,0.4430223783026084,0.5569776216973916
2021-11-11,Lake Fryxell,0.5177435190002364,0.5177435190002364,0.4822564809997636
2021-11-15,Lake Fryxell,0.6237758060733504,0.6237758060733504,0.37622419392664963
2021-11-20,Lake Fryxell,0.4827254581626979,0.4827254581626979,0.5172745418373021
2021-11-29,Lake Fryxell,0.878184731780759,0.878184731780759,0.12181526821924105
2021-12-01,Lake Fryxell,0.6692918648874159,0.6692918648874159,0.3307081351125841
2021-12-02,Lake Fryxell,0.9019591567193674,0.9019591567193674,0.09804084328063256
2021-12-04,Lake Fryxell,0.9634688012219891,0.9634688012219891,0.03653119877801092
2021-12-06,Lake Fryxell,0.9919929776031954,0.9919929776031954,0.00800702239680462
2021-12-08,Lake Fryxell,0.9777520915261358,0.9777520915261358,0.022247908473864153
2021-12-11,Lake Fryxell,0.8326299653552772,0.8326299653552772,0.16737003464472278
2021-12-18,Lake Fryxell,0.9423798145650523,0.9423798145650523,0.057620185434947735
2021-12-20,Lake Fryxell,0.9429361866742958,0.9429361866742958,0.057063813325704205
2021-12-22,Lake Fryxell,0.9366200727504497,0.9366200727504497,0.06337992724955033
2021-12-24,Lake Fryxell,0.9550891696316729,0.9550891696316729,0.044910830368327104
2022-01-05,Lake Fryxell,0.918577878538464,0.918577878538464,0.08142212146153605
2022-01-07,Lake Fryxell,0.9244478888682202,0.9244478888682202,0.07555211113177984
2022-01-12,Lake Fryxell,0.9078477287027794,0.9078477287027794,0.09215227129722059
2022-01-14,Lake Fryxell,0.9035022716758875,0.9035022716758875,0.09649772832411252
2022-01-16,Lake Fryxell,0.894620423636607,0.894620423636607,0.10537957636339301
2022-01-19,Lake Fryxell,0.8656495746105836,0.8656495746105836,0.13435042538941644
2022-01-21,Lake Fryxell,0.743114702895324,0.743114702895324,0.256885297104676
2022-01-25,Lake Fryxell,0.8720093264171446,0.8720093264171446,0.12799067358285543
2022-01-28,Lake Fryxell,0.8540255244749926,0.8540255244749926,0.14597447552500742
2022-11-07,Lake Fryxell,0.9395430512829205,0.9395430512829205,0.06045694871707952
2022-11-14,Lake Fryxell,0.905303247272828,0.905303247272828,0.09469675272717204
2022-11-16,Lake Fryxell,0.9172942283416002,0.9172942283416002,0.08270577165839976
2022-11-18,Lake Fryxell,0.9309829956235172,0.9309829956235172,0.06901700437648284
2022-11-19,Lake Fryxell,0.9281043909717462,0.9281043909717462,0.07189560902825376
2022-11-21,Lake Fryxell,0.9430216713586769,0.9430216713586769,0.05697832864132313
2022-11-23,Lake Fryxell,0.9169065138110825,0.9169065138110825,0.08309348618891754
2022-11-28,Lake Fryxell,0.9017020089757652,0.9017020089757652,0.09829799102423475
2022-12-04,Lake Fryxell,0.8800575220509922,0.8800575220509922,0.11994247794900781
2022-12-05,Lake Fryxell,0.8709104772575013,0.8709104772575013,0.12908952274249874
2022-12-11,Lake Fryxell,0.9056645539253468,0.9056645539253468,0.09433544607465316
2022-12-16,Lake Fryxell,0.929212625481802,0.929212625481802,0.07078737451819805
2022-12-18,Lake Fryxell,0.9208596104994158,0.9208596104994158,0.07914038950058422
2023-01-01,Lake Fryxell,0.9416156035378637,0.9416156035378637,0.058384396462136334
2023-01-03,Lake Fryxell,0.8800022617368041,0.8800022617368041,0.11999773826319593
2023-01-10,Lake Fryxell,0.8845490721878989,0.8845490721878989,0.11545092781210109
2023-01-15,Lake Fryxell,0.8635265931261192,0.8635265931261192,0.13647340687388076
2023-01-22,Lake Fryxell,0.8771968001818284,0.8771968001818284,0.12280319981817156
2023-01-24,Lake Fryxell,0.8750457526749789,0.8750457526749789,0.12495424732502114
2023-11-17,Lake Fryxell,0.8990680483710889,0.8990680483710889,0.10093195162891111
2023-11-19,Lake Fryxell,0.8974766207142191,0.8974766207142191,0.10252337928578092
2023-11-21,Lake Fryxell,0.8999263939288696,0.8999263939288696,0.10007360607113036
2023-12-05,Lake Fryxell,0.8550752701216868,0.8550752701216868,0.14492472987831317
2023-12-07,Lake Fryxell,0.8189076970795517,0.8189076970795517,0.1810923029204483
2023-12-19,Lake Fryxell,0.8289590970367573,0.8289590970367573,0.1710409029632427
2023-12-28,Lake Fryxell,0.8162769030920123,0.8162769030920123,0.18372309690798772
2023-12-30,Lake Fryxell,0.8150409912926657,0.8150409912926657,0.18495900870733428
2024-01-04,Lake Fryxell,0.8130256439990567,0.8130256439990567,0.18697435600094325
2024-01-13,Lake Fryxell,0.7603864420544085,0.7603864420544085,0.23961355794559147
2024-01-22,Lake Fryxell,0.8519867245720862,0.8519867245720862,0.14801327542791376
2024-01-24,Lake Fryxell,0.6289769789382347,0.6289769789382347,0.3710230210617653
2024-11-03,Lake Fryxell,0.9269815711510707,0.9269815711510707,0.07301842884892928
2024-11-07,Lake Fryxell,0.9173078452389564,0.9173078452389564,0.08269215476104363
2024-11-12,Lake Fryxell,0.9149870189918468,0.9149870189918468,0.08501298100815324
2024-11-14,Lake Fryxell,0.9121074148804734,0.9121074148804734,0.08789258511952658
2024-11-21,Lake Fryxell,0.9137919382098821,0.9137919382098821,0.08620806179011786
2024-12-09,Lake Fryxell,0.7989442249591387,0.7989442249591387,0.20105577504086125
2024-12-21,Lake Fryxell,0.8461227431031642,0.8461227431031642,0.15387725689683585
2016-11-02,Lake Hoare,0.9876198195315374,0.9876198195315374,0.012380180468462565
2016-11-04,Lake Hoare,0.9884642429328172,0.9884642429328172,0.011535757067182795
2016-11-06,Lake Hoare,0.9902489729988883,0.9902489729988883,0.009751027001111745
2016-11-08,Lake Hoare,0.9902454701596759,0.9902454701596759,0.0097545298403241
2016-11-13,Lake Hoare,0.6307345507555848,0.6307345507555848,0.3692654492444152
2016-11-15,Lake Hoare,0.9680394087902707,0.9680394087902707,0.03196059120972927
2016-12-10,Lake Hoare,0.9827056123405272,0.9827056123405272,0.017294387659472776
2016-12-13,Lake Hoare,0.961579777369052,0.961579777369052,0.03842022263094802
2016-12-15,Lake Hoare,0.978994246049467,0.978994246049467,0.021005753950532946
2016-12-17,Lake Hoare,0.9873967154200318,0.9873967154200318,0.012603284579968177
2016-12-24,Lake Hoare,0.9755555485055206,0.9755555485055206,0.02444445149447938
2017-01-02,Lake Hoare,0.9915959880314473,0.9915959880314473,0.008404011968552672
2017-01-11,Lake Hoare,0.9864395884639413,0.9864395884639413,0.013560411536058692
2017-01-14,Lake Hoare,0.9935802815080661,0.9935802815080661,0.006419718491933901
2017-01-18,Lake Hoare,0.9927033951595244,0.9927033951595244,0.007296604840475562
2017-01-25,Lake Hoare,0.988704531329166,0.988704531329166,0.011295468670833975
2017-01-27,Lake Hoare,0.9878007051177184,0.9878007051177184,0.012199294882281553
2017-01-30,Lake Hoare,0.9883929493752567,0.9883929493752567,0.01160705062474332
2017-11-07,Lake Hoare,0.9912441797303897,0.9912441797303897,0.008755820269610304
2017-11-18,Lake Hoare,0.5442482655802585,0.5442482655802585,0.4557517344197415
2017-11-21,Lake Hoare,0.34672686629318705,0.34672686629318705,0.653273133706813
2017-11-25,Lake Hoare,0.4169128619234291,0.4169128619234291,0.583087138076571
2017-11-27,Lake Hoare,0.45179394044008386,0.45179394044008386,0.5482060595599161
2017-11-30,Lake Hoare,0.47139955576465026,0.47139955576465026,0.5286004442353498
2017-12-02,Lake Hoare,0.8083384113175818,0.8083384113175818,0.19166158868241823
2017-12-07,Lake Hoare,0.9921262225637211,0.9921262225637211,0.007873777436278928
2017-12-16,Lake Hoare,0.9877928058890418,0.9877928058890418,0.012207194110958164
2017-12-23,Lake Hoare,0.9921411218031579,0.9921411218031579,0.007858878196842056
2018-01-03,Lake Hoare,0.9872812294718349,0.9872812294718349,0.012718770528165058
2018-01-05,Lake Hoare,0.9863349529514387,0.9863349529514387,0.013665047048561307
2018-01-10,Lake Hoare,0.9928880418031812,0.9928880418031812,0.007111958196818757
2018-01-12,Lake Hoare,0.9916650226180626,0.9916650226180626,0.008334977381937447
2018-01-14,Lake Hoare,0.9904808984151012,0.9904808984151012,0.00951910158489877
2018-01-19,Lake Hoare,0.9905218429476296,0.9905218429476296,0.009478157052370428
2018-01-26,Lake Hoare,0.9930299871397069,0.9930299871397069,0.006970012860293084
2018-01-30,Lake Hoare,0.9912274203208127,0.9912274203208127,0.00877257967918732
2018-11-05,Lake Hoare,0.5140747307518002,0.5140747307518002,0.4859252692481998
2018-11-08,Lake Hoare,0.8982414941700004,0.8982414941700004,0.10175850582999957
2018-11-12,Lake Hoare,0.6927718552030077,0.6927718552030077,0.30722814479699234
2018-11-17,Lake Hoare,0.9651376237761186,0.9651376237761186,0.03486237622388144
2018-11-19,Lake Hoare,0.9707139920076662,0.9707139920076662,0.02928600799233383
2018-11-24,Lake Hoare,0.9920700151346399,0.9920700151346399,0.007929984865360118
2018-11-26,Lake Hoare,0.9827385713657948,0.9827385713657948,0.01726142863420521
2018-11-28,Lake Hoare,0.976877908384193,0.976877908384193,0.023122091615807028
2018-11-30,Lake Hoare,0.9696902790833377,0.9696902790833377,0.030309720916662286
2018-12-05,Lake Hoare,0.9788295446792469,0.9788295446792469,0.021170455320753123
2018-12-30,Lake Hoare,0.9946724433230347,0.9946724433230347,0.005327556676965273
2019-01-01,Lake Hoare,0.9916261091205393,0.9916261091205393,0.008373890879460721
2019-01-04,Lake Hoare,0.9922749976824335,0.9922749976824335,0.007725002317566454
2019-01-06,Lake Hoare,0.9920647947536972,0.9920647947536972,0.007935205246302757
2019-01-11,Lake Hoare,0.9838063318534456,0.9838063318534456,0.01619366814655443
2019-01-15,Lake Hoare,0.9817630572008732,0.9817630572008732,0.0182369427991268
2019-01-24,Lake Hoare,0.9831391999378677,0.9831391999378677,0.01686080006213231
2019-11-06,Lake Hoare,0.9835252177164254,0.9835252177164254,0.016474782283574574
2019-11-08,Lake Hoare,0.9857815894745624,0.9857815894745624,0.014218410525437597
2019-11-11,Lake Hoare,0.9833843703661996,0.9833843703661996,0.016615629633800366
2019-11-15,Lake Hoare,0.9567703539890435,0.9567703539890435,0.04322964601095647
2019-11-17,Lake Hoare,0.9705630269285811,0.9705630269285811,0.029436973071418904
2019-11-24,Lake Hoare,0.9680570699040338,0.9680570699040338,0.03194293009596616
2019-11-27,Lake Hoare,0.9332762674248193,0.9332762674248193,0.06672373257518072
2019-12-03,Lake Hoare,0.8953041137980534,0.8953041137980534,0.10469588620194659
2019-12-17,Lake Hoare,0.986897842219147,0.986897842219147,0.013102157780852997
2019-12-24,Lake Hoare,0.949111076312002,0.949111076312002,0.05088892368799802
2019-12-26,Lake Hoare,0.9330129842272202,0.9330129842272202,0.06698701577277977
2019-12-31,Lake Hoare,0.9325997820942483,0.9325997820942483,0.06740021790575168
2020-01-02,Lake Hoare,0.8987600259626544,0.8987600259626544,0.10123997403734564
2020-01-11,Lake Hoare,0.9334303690022675,0.9334303690022675,0.0665696309977325
2020-01-20,Lake Hoare,0.913983131329534,0.913983131329534,0.08601686867046598
2020-10-30,Lake Hoare,0.6893819836777408,0.6893819836777408,0.31061801632225916
2020-11-15,Lake Hoare,0.746251504165742,0.746251504165742,0.25374849583425796
2020-11-17,Lake Hoare,0.768926296363468,0.768926296363468,0.231073703636532
2020-11-19,Lake Hoare,0.7948610099673978,0.7948610099673978,0.20513899003260216
2020-11-24,Lake Hoare,0.851378252220745,0.851378252220745,0.14862174777925496
2020-11-26,Lake Hoare,0.8745070459073697,0.8745070459073697,0.12549295409263028
2020-11-29,Lake Hoare,0.8653623463561029,0.8653623463561029,0.13463765364389713
2020-12-01,Lake Hoare,0.8311997522914694,0.8311997522914694,0.16880024770853064
2020-12-03,Lake Hoare,0.927959611341782,0.927959611341782,0.07204038865821805
2020-12-08,Lake Hoare,0.7124696195347415,0.7124696195347415,0.2875303804652585
2020-12-10,Lake Hoare,0.6890542846280903,0.6890542846280903,0.31094571537190974
2020-12-15,Lake Hoare,0.7087580690208658,0.7087580690208658,0.2912419309791342
2020-12-21,Lake Hoare,0.6358736763453722,0.6358736763453722,0.3641263236546278
2020-12-24,Lake Hoare,0.6048810531351834,0.6048810531351834,0.39511894686481663
2021-01-13,Lake Hoare,0.5115470373555877,0.5115470373555877,0.4884529626444123
2021-01-16,Lake Hoare,0.628407868200228,0.628407868200228,0.371592131799772
2021-01-18,Lake Hoare,0.5483490628140704,0.5483490628140704,0.45165093718592964
2021-01-22,Lake Hoare,0.5976321463291308,0.5976321463291308,0.40236785367086925
2021-02-01,Lake Hoare,0.5987860121196833,0.5987860121196833,0.4012139878803167
2021-10-31,Lake Hoare,0.9275076497023675,0.9275076497023675,0.07249235029763246
2021-11-04,Lake Hoare,0.9311997049028359,0.9311997049028359,0.06880029509716412
2021-11-09,Lake Hoare,0.9198643931232551,0.9198643931232551,0.08013560687674492
2021-11-11,Lake Hoare,0.9458498395449152,0.9458498395449152,0.054150160455084806
2021-11-20,Lake Hoare,0.9474798788385823,0.9474798788385823,0.05252012116141769
2021-12-02,Lake Hoare,0.5994403920916725,0.5994403920916725,0.40055960790832745
2021-12-04,Lake Hoare,0.9037144275650536,0.9037144275650536,0.0962855724349464
2021-12-06,Lake Hoare,0.7843376392523196,0.7843376392523196,0.21566236074768041
2021-12-08,Lake Hoare,0.8631650020873759,0.8631650020873759,0.1368349979126241
2021-12-11,Lake Hoare,0.9068519450272718,0.9068519450272718,0.09314805497272816
2021-12-18,Lake Hoare,0.9581235452626038,0.9581235452626038,0.04187645473739621
2021-12-20,Lake Hoare,0.941440248475059,0.941440248475059,0.05855975152494097
2021-12-22,Lake Hoare,0.9435270934692338,0.9435270934692338,0.0564729065307662
2021-12-24,Lake Hoare,0.9505689828711941,0.9505689828711941,0.04943101712880593
2022-01-05,Lake Hoare,0.9720603830211678,0.9720603830211678,0.027939616978832182
2022-01-07,Lake Hoare,0.9617100885166977,0.9617100885166977,0.0382899114833023
2022-01-12,Lake Hoare,0.9833159644741275,0.9833159644741275,0.016684035525872498
2022-01-14,Lake Hoare,0.9813702943401481,0.9813702943401481,0.018629705659851892
2022-01-16,Lake Hoare,0.9737458258829944,0.9737458258829944,0.02625417411700559
2022-01-19,Lake Hoare,0.9665464823960541,0.9665464823960541,0.03345351760394588
2022-01-25,Lake Hoare,0.9656893720126567,0.9656893720126567,0.0343106279873433
2022-01-28,Lake Hoare,0.9629603560027372,0.9629603560027372,0.03703964399726278
2022-11-14,Lake Hoare,0.9856351853082417,0.9856351853082417,0.01436481469175832
2022-11-16,Lake Hoare,0.9805280337664206,0.9805280337664206,0.019471966233579385
2022-11-19,Lake Hoare,0.9889826249463916,0.9889826249463916,0.011017375053608447
2022-11-21,Lake Hoare,0.9878345915472391,0.9878345915472391,0.012165408452760929
2022-11-23,Lake Hoare,0.983182034244491,0.983182034244491,0.01681796575550898
2022-11-28,Lake Hoare,0.9780588914198445,0.9780588914198445,0.02194110858015552
2022-12-05,Lake Hoare,0.9228895356697119,0.9228895356697119,0.07711046433028812
2022-12-11,Lake Hoare,0.9710841660818709,0.9710841660818709,0.02891583391812913
2022-12-16,Lake Hoare,0.9841676762893444,0.9841676762893444,0.01583232371065557
2022-12-18,Lake Hoare,0.9819978884697063,0.9819978884697063,0.01800211153029374
2023-01-01,Lake Hoare,0.9727885085092097,0.9727885085092097,0.027211491490790274
2023-01-03,Lake Hoare,0.9832765017060795,0.9832765017060795,0.016723498293920502
2023-01-10,Lake Hoare,0.983636990881462,0.983636990881462,0.016363009118538052
2023-01-15,Lake Hoare,0.872058635655878,0.872058635655878,0.12794136434412196
2023-01-22,Lake Hoare,0.9781901927734993,0.9781901927734993,0.02180980722650072
2023-01-24,Lake Hoare,0.9821608821287168,0.9821608821287168,0.017839117871283228
2023-11-17,Lake Hoare,0.9082394318937375,0.9082394318937375,0.09176056810626254
2023-11-19,Lake Hoare,0.9551047398569092,0.9551047398569092,0.044895260143090754
2023-12-05,Lake Hoare,0.9105026721891029,0.9105026721891029,0.08949732781089714
2023-12-19,Lake Hoare,0.9764611900051392,0.9764611900051392,0.0235388099948608
2023-12-28,Lake Hoare,0.9901303499263355,0.9901303499263355,0.009869650073664471
2023-12-30,Lake Hoare,0.9726334098923054,0.9726334098923054,0.0273665901076946
2024-01-04,Lake Hoare,0.9802466928857814,0.9802466928857814,0.019753307114218632
2024-01-13,Lake Hoare,0.8482203805459311,0.8482203805459311,0.15177961945406893
2024-01-22,Lake Hoare,0.9893943064702456,0.9893943064702456,0.010605693529754379
2024-11-12,Lake Hoare,0.9576480553706634,0.9576480553706634,0.04235194462933656
2024-11-14,Lake Hoare,0.9595741574335446,0.9595741574335446,0.04042584256645543
2024-11-21,Lake Hoare,0.9633700941676213,0.9633700941676213,0.036629905832378684
2024-12-21,Lake Hoare,0.9560827378947209,0.9560827378947209,0.04391726210527913
